<mvc:View controllerName="sap.ui.table.sample.OData.Controller" xmlns="sap.ui.table" xmlns:mvc="sap.ui.core.mvc" xmlns:u="sap.ui.unified"
	xmlns:c="sap.ui.core" xmlns:m="sap.m" height="100%">
	<m:Page showHeader="false" enableScrolling="false" class="sapUiContentPadding">
		<m:content>
			<Table id="table" selectionMode="MultiToggle" enableSelectAll="false" rows="{ path: '/ProductSet', parameters: {operationMode: 'Server'} }"
				threshold="15" scrollThreshold="50" enableBusyIndicator="true" ariaLabelledBy="title">
				<noData>
					<m:BusyIndicator class="sapUiMediumMargin"/>
				</noData>
				<extension>
					<m:OverflowToolbar style="Clear">
						<m:Title id="title" text="Products"/>
						<m:ToolbarSpacer/>
						<m:Button text="Add" tooltip="Add" press="onAdd"/>
						<m:Button icon="sap-icon://refresh" tooltip="Reinitialize Model" press="onModelRefresh"/>
					</m:OverflowToolbar>
				</extension>
				<columns>
					<Column sortProperty="Name" filterProperty="Name" autoResizable="true" width="11rem">
						<m:Label text="{/#Product/Name/@sap:label}"/>
						<template>
							<m:Text text="{Name}" wrapping="false"/>
						</template>
					</Column>
					<Column sortProperty="ProductID" filterProperty="ProductID" autoResizable="true" width="6rem">
						<m:Label text="{/#Product/ProductID/@sap:label}"/>
						<template>
							<m:Text text="{ProductID}" wrapping="false"/>
						</template>
					</Column>
					<Column sortProperty="Category" filterProperty="Category" autoResizable="true" width="11rem">
						<m:Label text="{/#Product/Category/@sap:label}"/>
						<template>
							<m:Text text="{Category}" wrapping="false"/>
						</template>
					</Column>
					<Column sortProperty="SupplierName" filterProperty="SupplierName" autoResizable="true" width="12rem">
						<m:Label text="{/#Product/SupplierName/@sap:label}"/>
						<template>
							<m:Text text="{SupplierName}" wrapping="false"/>
						</template>
					</Column>
					<Column filterProperty="Price" width="9rem">
						<m:Label text="{/#Product/Price/@sap:label}"/>
						<template>
							<u:Currency value="{ path: 'Price', type: 'sap.ui.model.type.String' }" currency="{CurrencyCode}"/>
						</template>
					</Column>
					<Column hAlign="End" autoResizable="true" width="9rem">
						<m:Label text="{/#Product/Width/@sap:label}"/>
						<template>
							<m:Text text="{Width}x{Height}x{Depth} {DimUnit}" wrapping="false"/>
						</template>
					</Column>
				</columns>
				<footer>
					<m:OverflowToolbar id="infobar">
						<m:Label text="OData Model Operation Mode:" labelFor="operationMode"/>
						<m:SegmentedButton id="operationMode" selectionChange="onOperationModeChange" selectedKey="{ui>selectedOperationMode}"
							items="{ui>/operationModes}">
							<m:items>
								<m:SegmentedButtonItem text="{ui>name}" key="{ui>name}"/>
							</m:items>
						</m:SegmentedButton>
					</m:OverflowToolbar>
				</footer>
			</Table>
		</m:content>
	</m:Page>
</mvc:View>